-- NEWS:

INSERT INTO judo_moldova.news (title, description, short_description, published, event_type_id, image, author, information)
VALUES  (
          'Campionatul Național de Judo',
          'În cadrul acestui eveniment remarcabil, organizat de Federația de Judo a Republicii Moldova, au fost reuniți sportivi de performanță, antrenori dedicați și reprezentanți ai comunității sportive naționale și internaționale.
Evenimentul a avut loc într-un cadru profesionist, respectând standardele internaționale impuse de regulamentele IJF (International Judo Federation), și a cuprins:

		• Sesiuni demonstrative și meciuri oficiale pe categorii de vârstă și greutate;
		• Prezentări despre dezvoltarea judo-ului în Republica Moldova;
		• Activități educative și de promovare a valorilor sportului în rândul tinerilor;
		• Ceremonii oficiale de deschidere, premiere și discursuri ale invitaților speciali.

Scopul principal al evenimentului a fost consolidarea performanței sportivilor și pregătirea lor pentru competițiile regionale și internaționale. De asemenea, evenimentul a servit ca o platformă de interacțiune între cluburile de judo, susținători și partenerii Federației.
Federația de Judo își exprimă recunoștința față de toți participanții și își reconfirmă angajamentul față de dezvoltarea continuă a acestui sport nobil în Republica Moldova.',
          'Campionatul Național desfășurat în capitală. Eveniment sportiv important desfășurat sub egida Federației de Judo din Moldova.
        Participanții au fost implicați în activități competiționale și demonstrative. ',
          '2025-06-10 10:00:00',
          1,
          NULL,
          'Federația de Judo Moldova',
          'Acces permis doar cu legitimație de sportiv.'
      ),
      (
          'Turneul Internațional Juniori',
          'În cadrul acestui eveniment remarcabil, organizat de Federația de Judo a Republicii Moldova, au fost reuniți sportivi de performanță, antrenori dedicați și reprezentanți ai comunității sportive naționale și internaționale.
   Evenimentul a avut loc într-un cadru profesionist, respectând standardele internaționale impuse de regulamentele IJF (International Judo Federation), și a cuprins:

           • Sesiuni demonstrative și meciuri oficiale pe categorii de vârstă și greutate;
           • Prezentări despre dezvoltarea judo-ului în Republica Moldova;
           • Activități educative și de promovare a valorilor sportului în rândul tinerilor;
           • Ceremonii oficiale de deschidere, premiere și discursuri ale invitaților speciali.

   Scopul principal al evenimentului a fost consolidarea performanței sportivilor și pregătirea lor pentru competițiile regionale și internaționale. De asemenea, evenimentul a servit ca o platformă de interacțiune între cluburile de judo, susținători și partenerii Federației.
   Federația de Judo își exprimă recunoștința față de toți participanții și își reconfirmă angajamentul față de dezvoltarea continuă a acestui sport nobil în Republica Moldova.',
       'Competiție internațională pentru juniori. Eveniment sportiv important desfășurat sub egida Federației de Judo din Moldova.
Participanții au fost implicați în activități competiționale și demonstrative. ',
          '2025-07-01 14:00:00',
          2,
          NULL,
          'Organizator: Andrei Popescu',
          'Premii în echipamente sportive pentru primii 3.'
      ),
      (
          'Cupa Republicii la Judo',
          'În cadrul acestui eveniment remarcabil, organizat de Federația de Judo a Republicii Moldova, au fost reuniți sportivi de performanță, antrenori dedicați și reprezentanți ai comunității sportive naționale și internaționale.
Evenimentul a avut loc într-un cadru profesionist, respectând standardele internaționale impuse de regulamentele IJF (International Judo Federation), și a cuprins:

		• Sesiuni demonstrative și meciuri oficiale pe categorii de vârstă și greutate;
		• Prezentări despre dezvoltarea judo-ului în Republica Moldova;
		• Activități educative și de promovare a valorilor sportului în rândul tinerilor;
		• Ceremonii oficiale de deschidere, premiere și discursuri ale invitaților speciali.

Scopul principal al evenimentului a fost consolidarea performanței sportivilor și pregătirea lor pentru competițiile regionale și internaționale. De asemenea, evenimentul a servit ca o platformă de interacțiune între cluburile de judo, susținători și partenerii Federației.
Federația de Judo își exprimă recunoștința față de toți participanții și își reconfirmă angajamentul față de dezvoltarea continuă a acestui sport nobil în Republica Moldova.',
       'Selecție pentru lotul național. Eveniment sportiv important desfășurat sub egida Federației de Judo din Moldova.
Participanții au fost implicați în activități competiționale și demonstrative. ',
          '2025-05-15 09:30:00',
          1,
          NULL,
          'Federația de Judo Moldova',
          'Eveniment transmis live pe site-ul federației.'
      ),
      (
          'Antrenament deschis cu lotul național',
          'În cadrul acestui eveniment remarcabil, organizat de Federația de Judo a Republicii Moldova, au fost reuniți sportivi de performanță, antrenori dedicați și reprezentanți ai comunității sportive naționale și internaționale.
 Evenimentul a avut loc într-un cadru profesionist, respectând standardele internaționale impuse de regulamentele IJF (International Judo Federation), și a cuprins:

         • Sesiuni demonstrative și meciuri oficiale pe categorii de vârstă și greutate;
         • Prezentări despre dezvoltarea judo-ului în Republica Moldova;
         • Activități educative și de promovare a valorilor sportului în rândul tinerilor;
         • Ceremonii oficiale de deschidere, premiere și discursuri ale invitaților speciali.

 Scopul principal al evenimentului a fost consolidarea performanței sportivilor și pregătirea lor pentru competițiile regionale și internaționale. De asemenea, evenimentul a servit ca o platformă de interacțiune între cluburile de judo, susținători și partenerii Federației.
 Federația de Judo își exprimă recunoștința față de toți participanții și își reconfirmă angajamentul față de dezvoltarea continuă a acestui sport nobil în Republica Moldova.',
       'Antrenament demonstrativ cu echipa națională. Eveniment sportiv important desfășurat sub egida Federației de Judo din Moldova.
Participanții au fost implicați în activități competiționale și demonstrative. ',
          '2025-06-25 12:00:00',
          3,
          NULL,
          'Antrenor principal: Ion Rusu',
          'Locație: Complexul sportiv central Chișinău.'
      ),
      (
          'Seminar pentru arbitri și antrenori',
          'În cadrul acestui eveniment remarcabil, organizat de Federația de Judo a Republicii Moldova, au fost reuniți sportivi de performanță, antrenori dedicați și reprezentanți ai comunității sportive naționale și internaționale.
Evenimentul a avut loc într-un cadru profesionist, respectând standardele internaționale impuse de regulamentele IJF (International Judo Federation), și a cuprins:

		• Sesiuni demonstrative și meciuri oficiale pe categorii de vârstă și greutate;
		• Prezentări despre dezvoltarea judo-ului în Republica Moldova;
		• Activități educative și de promovare a valorilor sportului în rândul tinerilor;
		• Ceremonii oficiale de deschidere, premiere și discursuri ale invitaților speciali.

Scopul principal al evenimentului a fost consolidarea performanței sportivilor și pregătirea lor pentru competițiile regionale și internaționale. De asemenea, evenimentul a servit ca o platformă de interacțiune între cluburile de judo, susținători și partenerii Federației.
Federația de Judo își exprimă recunoștința față de toți participanții și își reconfirmă angajamentul față de dezvoltarea continuă a acestui sport nobil în Republica Moldova.',
       'Seminar pentru oficialii din judo. Eveniment sportiv important desfășurat sub egida Federației de Judo din Moldova.
Participanții au fost implicați în activități competiționale și demonstrative. ',
          '2025-04-20 11:00:00',
          4,
          NULL,
          'IJF Moldova',
          'Participare gratuită, înregistrare online.'
      ),
      (
          'Cursuri de autoapărare pentru femei',
          'În cadrul acestui eveniment remarcabil, organizat de Federația de Judo a Republicii Moldova, au fost reuniți sportivi de performanță, antrenori dedicați și reprezentanți ai comunității sportive naționale și internaționale.
Evenimentul a avut loc într-un cadru profesionist, respectând standardele internaționale impuse de regulamentele IJF (International Judo Federation), și a cuprins:

		• Sesiuni demonstrative și meciuri oficiale pe categorii de vârstă și greutate;
		• Prezentări despre dezvoltarea judo-ului în Republica Moldova;
		• Activități educative și de promovare a valorilor sportului în rândul tinerilor;
		• Ceremonii oficiale de deschidere, premiere și discursuri ale invitaților speciali.

Scopul principal al evenimentului a fost consolidarea performanței sportivilor și pregătirea lor pentru competițiile regionale și internaționale. De asemenea, evenimentul a servit ca o platformă de interacțiune între cluburile de judo, susținători și partenerii Federației.
Federația de Judo își exprimă recunoștința față de toți participanții și își reconfirmă angajamentul față de dezvoltarea continuă a acestui sport nobil în Republica Moldova.',
       'Autoapărare gratuită pentru femei.',
          '2025-03-08 16:00:00',
          5,
          NULL,
          'Federația de Judo Moldova',
          'Înscriere pe site, locuri limitate.'
      ),
      (
          'Judo pentru toți – eveniment caritabil',
          'În cadrul acestui eveniment remarcabil, organizat de Federația de Judo a Republicii Moldova, au fost reuniți sportivi de performanță, antrenori dedicați și reprezentanți ai comunității sportive naționale și internaționale.
  Evenimentul a avut loc într-un cadru profesionist, respectând standardele internaționale impuse de regulamentele IJF (International Judo Federation), și a cuprins:

          • Sesiuni demonstrative și meciuri oficiale pe categorii de vârstă și greutate;
          • Prezentări despre dezvoltarea judo-ului în Republica Moldova;
          • Activități educative și de promovare a valorilor sportului în rândul tinerilor;
          • Ceremonii oficiale de deschidere, premiere și discursuri ale invitaților speciali.

  Scopul principal al evenimentului a fost consolidarea performanței sportivilor și pregătirea lor pentru competițiile regionale și internaționale. De asemenea, evenimentul a servit ca o platformă de interacțiune între cluburile de judo, susținători și partenerii Federației.
  Federația de Judo își exprimă recunoștința față de toți participanții și își reconfirmă angajamentul față de dezvoltarea continuă a acestui sport nobil în Republica Moldova.',
       'Judo pentru copii din centre sociale. Eveniment sportiv important desfășurat sub egida Federației de Judo din Moldova.
Participanții au fost implicați în activități competiționale și demonstrative. ',
          '2025-09-01 10:00:00',
          1,
          NULL,
          'Voluntari FMJ',
          'Fondurile colectate merg spre echipamente pentru copii.'
      ),
      (
          'Deschiderea sezonului competițional 2025',
          'În cadrul acestui eveniment remarcabil, organizat de Federația de Judo a Republicii Moldova, au fost reuniți sportivi de performanță, antrenori dedicați și reprezentanți ai comunității sportive naționale și internaționale.
  Evenimentul a avut loc într-un cadru profesionist, respectând standardele internaționale impuse de regulamentele IJF (International Judo Federation), și a cuprins:

          • Sesiuni demonstrative și meciuri oficiale pe categorii de vârstă și greutate;
          • Prezentări despre dezvoltarea judo-ului în Republica Moldova;
          • Activități educative și de promovare a valorilor sportului în rândul tinerilor;
          • Ceremonii oficiale de deschidere, premiere și discursuri ale invitaților speciali.

  Scopul principal al evenimentului a fost consolidarea performanței sportivilor și pregătirea lor pentru competițiile regionale și internaționale. De asemenea, evenimentul a servit ca o platformă de interacțiune între cluburile de judo, susținători și partenerii Federației.
  Federația de Judo își exprimă recunoștința față de toți participanții și își reconfirmă angajamentul față de dezvoltarea continuă a acestui sport nobil în Republica Moldova.',
       'Startul sezonului competițional. Eveniment sportiv important desfășurat sub egida Federației de Judo din Moldova.
Participanții au fost implicați în activități competiționale și demonstrative. ',
          '2025-01-10 08:00:00',
          1,
          NULL,
          'Secretariatul FMJ',
          'Calendar disponibil online și pe mobil.'
      ),
      (
          'Evaluarea performanțelor sportivilor 2024',
          'În cadrul acestui eveniment remarcabil, organizat de Federația de Judo a Republicii Moldova, au fost reuniți sportivi de performanță, antrenori dedicați și reprezentanți ai comunității sportive naționale și internaționale.
 Evenimentul a avut loc într-un cadru profesionist, respectând standardele internaționale impuse de regulamentele IJF (International Judo Federation), și a cuprins:

         • Sesiuni demonstrative și meciuri oficiale pe categorii de vârstă și greutate;
         • Prezentări despre dezvoltarea judo-ului în Republica Moldova;
         • Activități educative și de promovare a valorilor sportului în rândul tinerilor;
         • Ceremonii oficiale de deschidere, premiere și discursuri ale invitaților speciali.

 Scopul principal al evenimentului a fost consolidarea performanței sportivilor și pregătirea lor pentru competițiile regionale și internaționale. De asemenea, evenimentul a servit ca o platformă de interacțiune între cluburile de judo, susținători și partenerii Federației.
 Federația de Judo își exprimă recunoștința față de toți participanții și își reconfirmă angajamentul față de dezvoltarea continuă a acestui sport nobil în Republica Moldova.',
       'Analiză sportivi sezon 2024. Eveniment sportiv important desfășurat sub egida Federației de Judo din Moldova.
Participanții au fost implicați în activități competiționale și demonstrative. ',
          '2025-02-15 10:00:00',
          1,
          NULL,
          'Comisia tehnică FMJ',
          'Datele statistice vor fi publicate pe platforma internă.'
      );
-- COMPETITION:

INSERT INTO judo_moldova.competition (title, description, short_description, image, information, date_time)
VALUES
    ('Campionatul Național Seniori', 'Campionatul Național de Judo pentru Seniori este unul dintre cele mai importante evenimente
sportive ale anului, organizat sub egida Federației de Judo din Moldova. Competiția reunește sportivi din întreaga țară, care s-au calificat în urma rezultatelor remarcabile obținute în etapele regionale sau la alte turnee omologate. Scopul principal al evenimentului este identificarea și promovarea celor mai buni judoka, care pot reprezenta Republica Moldova în competițiile internaționale de rang înalt — cum ar fi Campionatele Europene, Mondiale sau Jocurile Olimpice.
Pe parcursul întregii zile, sportivii vor concura în categorii diferite de greutate, atât la masculin cât și la feminin, conform regulamentelor internaționale stabilite de IJF (International Judo Federation).
Meciurile se vor desfășura într-un cadru organizat și profesionist, cu respectarea tuturor normelor de siguranță, arbitraj video, cronometrare digitală și prezența medicilor sportivi.
Evenimentul nu este doar o oportunitate de afirmare pentru sportivi, ci și un moment de sărbătoare pentru susținători, antrenori, familii și toți cei care susțin judo-ul moldovenesc. Atmosfera este competitivă dar prietenoasă, promovând valori precum respectul, disciplina și excelența.
Pe lângă meciuri, vor avea loc și momente de premiere, discursuri oficiale și activități de promovare a sportului în rândul tinerilor. Participarea la această competiție contribuie la formarea clasamentului național, dar mai ales oferă șansa sportivilor de a face parte din lotul național pentru sezonul competițional următor.
Este un pas esențial în cariera oricărui judoka profesionist din Republica Moldova.
', 'Competiție seniori. Evenimentul reunește cei mai buni sportivi din țară. Un prilej important de calificare și afirmare. O oportunitate valoroasă de acumulare a punctelor în clasament.', NULL, 'Organizat de FJM la Chișinău.', '2025-06-20 10:00:00'),

    ('Turneul Internațional Juniori', 'Campionatul Național de Judo pentru Seniori este unul dintre cele mai importante evenimente
sportive ale anului, organizat sub egida Federației de Judo din Moldova. Competiția reunește sportivi din întreaga țară, care s-au calificat în urma rezultatelor remarcabile obținute în etapele regionale sau la alte turnee omologate. Scopul principal al evenimentului este identificarea și promovarea celor mai buni judoka, care pot reprezenta Republica Moldova în competițiile internaționale de rang înalt — cum ar fi Campionatele Europene, Mondiale sau Jocurile Olimpice.
Pe parcursul întregii zile, sportivii vor concura în categorii diferite de greutate, atât la masculin cât și la feminin, conform regulamentelor internaționale stabilite de IJF (International Judo Federation).
Meciurile se vor desfășura într-un cadru organizat și profesionist, cu respectarea tuturor normelor de siguranță, arbitraj video, cronometrare digitală și prezența medicilor sportivi.
Evenimentul nu este doar o oportunitate de afirmare pentru sportivi, ci și un moment de sărbătoare pentru susținători, antrenori, familii și toți cei care susțin judo-ul moldovenesc. Atmosfera este competitivă dar prietenoasă, promovând valori precum respectul, disciplina și excelența.
Pe lângă meciuri, vor avea loc și momente de premiere, discursuri oficiale și activități de promovare a sportului în rândul tinerilor. Participarea la această competiție contribuie la formarea clasamentului național, dar mai ales oferă șansa sportivilor de a face parte din lotul național pentru sezonul competițional următor.
Este un pas esențial în cariera oricărui judoka profesionist din Republica Moldova.
','Turneu juniori. Evenimentul reunește cei mai buni sportivi din țară. Un prilej important de calificare și afirmare. O oportunitate valoroasă de acumulare a punctelor în clasament.', NULL, 'Eveniment susținut de partenerii internaționali.', '2025-06-28 12:30:00'),

    ('Campionatul Municipal', 'Campionatul Național de Judo pentru Seniori este unul dintre cele mai importante evenimente
sportive ale anului, organizat sub egida Federației de Judo din Moldova. Competiția reunește sportivi din întreaga țară, care s-au calificat în urma rezultatelor remarcabile obținute în etapele regionale sau la alte turnee omologate. Scopul principal al evenimentului este identificarea și promovarea celor mai buni judoka, care pot reprezenta Republica Moldova în competițiile internaționale de rang înalt — cum ar fi Campionatele Europene, Mondiale sau Jocurile Olimpice.
Pe parcursul întregii zile, sportivii vor concura în categorii diferite de greutate, atât la masculin cât și la feminin, conform regulamentelor internaționale stabilite de IJF (International Judo Federation).
Meciurile se vor desfășura într-un cadru organizat și profesionist, cu respectarea tuturor normelor de siguranță, arbitraj video, cronometrare digitală și prezența medicilor sportivi.
Evenimentul nu este doar o oportunitate de afirmare pentru sportivi, ci și un moment de sărbătoare pentru susținători, antrenori, familii și toți cei care susțin judo-ul moldovenesc. Atmosfera este competitivă dar prietenoasă, promovând valori precum respectul, disciplina și excelența.
Pe lângă meciuri, vor avea loc și momente de premiere, discursuri oficiale și activități de promovare a sportului în rândul tinerilor. Participarea la această competiție contribuie la formarea clasamentului național, dar mai ales oferă șansa sportivilor de a face parte din lotul național pentru sezonul competițional următor.
Este un pas esențial în cariera oricărui judoka profesionist din Republica Moldova.
', 'Campionat local', NULL, 'Se desfășoară în Sala Polivalentă.', '2025-07-05 09:00:00'),

    ('Cupa Moldovei', 'Campionatul Național de Judo pentru Seniori este unul dintre cele mai importante evenimente
sportive ale anului, organizat sub egida Federației de Judo din Moldova. Competiția reunește sportivi din întreaga țară, care s-au calificat în urma rezultatelor remarcabile obținute în etapele regionale sau la alte turnee omologate. Scopul principal al evenimentului este identificarea și promovarea celor mai buni judoka, care pot reprezenta Republica Moldova în competițiile internaționale de rang înalt — cum ar fi Campionatele Europene, Mondiale sau Jocurile Olimpice.
Pe parcursul întregii zile, sportivii vor concura în categorii diferite de greutate, atât la masculin cât și la feminin, conform regulamentelor internaționale stabilite de IJF (International Judo Federation).
Meciurile se vor desfășura într-un cadru organizat și profesionist, cu respectarea tuturor normelor de siguranță, arbitraj video, cronometrare digitală și prezența medicilor sportivi.
Evenimentul nu este doar o oportunitate de afirmare pentru sportivi, ci și un moment de sărbătoare pentru susținători, antrenori, familii și toți cei care susțin judo-ul moldovenesc. Atmosfera este competitivă dar prietenoasă, promovând valori precum respectul, disciplina și excelența.
Pe lângă meciuri, vor avea loc și momente de premiere, discursuri oficiale și activități de promovare a sportului în rândul tinerilor. Participarea la această competiție contribuie la formarea clasamentului național, dar mai ales oferă șansa sportivilor de a face parte din lotul național pentru sezonul competițional următor.
Este un pas esențial în cariera oricărui judoka profesionist din Republica Moldova.
', 'Cupa Moldovei. Evenimentul reunește cei mai buni sportivi din țară. Un prilej important de calificare și afirmare. O oportunitate valoroasă de acumulare a punctelor în clasament.', NULL, 'Eveniment oficial FJM.', '2025-07-18 10:30:00'),

    ('Turneul Școlar Național', 'Campionatul Național de Judo pentru Seniori este unul dintre cele mai importante evenimente
sportive ale anului, organizat sub egida Federației de Judo din Moldova. Competiția reunește sportivi din întreaga țară, care s-au calificat în urma rezultatelor remarcabile obținute în etapele regionale sau la alte turnee omologate. Scopul principal al evenimentului este identificarea și promovarea celor mai buni judoka, care pot reprezenta Republica Moldova în competițiile internaționale de rang înalt — cum ar fi Campionatele Europene, Mondiale sau Jocurile Olimpice.
Pe parcursul întregii zile, sportivii vor concura în categorii diferite de greutate, atât la masculin cât și la feminin, conform regulamentelor internaționale stabilite de IJF (International Judo Federation).
Meciurile se vor desfășura într-un cadru organizat și profesionist, cu respectarea tuturor normelor de siguranță, arbitraj video, cronometrare digitală și prezența medicilor sportivi.
Evenimentul nu este doar o oportunitate de afirmare pentru sportivi, ci și un moment de sărbătoare pentru susținători, antrenori, familii și toți cei care susțin judo-ul moldovenesc. Atmosfera este competitivă dar prietenoasă, promovând valori precum respectul, disciplina și excelența.
Pe lângă meciuri, vor avea loc și momente de premiere, discursuri oficiale și activități de promovare a sportului în rândul tinerilor. Participarea la această competiție contribuie la formarea clasamentului național, dar mai ales oferă șansa sportivilor de a face parte din lotul național pentru sezonul competițional următor.
Este un pas esențial în cariera oricărui judoka profesionist din Republica Moldova.
', 'Turneu școlar. Evenimentul reunește cei mai buni sportivi din țară. Un prilej important de calificare și afirmare. O oportunitate valoroasă de acumulare a punctelor în clasament.', NULL, 'Organizat în parteneriat cu Ministerul Educației.', '2025-08-02 11:00:00'),

    ('Open Chișinău Judo', 'Campionatul Național de Judo pentru Seniori este unul dintre cele mai importante evenimente
sportive ale anului, organizat sub egida Federației de Judo din Moldova. Competiția reunește sportivi din întreaga țară, care s-au calificat în urma rezultatelor remarcabile obținute în etapele regionale sau la alte turnee omologate. Scopul principal al evenimentului este identificarea și promovarea celor mai buni judoka, care pot reprezenta Republica Moldova în competițiile internaționale de rang înalt — cum ar fi Campionatele Europene, Mondiale sau Jocurile Olimpice.
Pe parcursul întregii zile, sportivii vor concura în categorii diferite de greutate, atât la masculin cât și la feminin, conform regulamentelor internaționale stabilite de IJF (International Judo Federation).
Meciurile se vor desfășura într-un cadru organizat și profesionist, cu respectarea tuturor normelor de siguranță, arbitraj video, cronometrare digitală și prezența medicilor sportivi.
Evenimentul nu este doar o oportunitate de afirmare pentru sportivi, ci și un moment de sărbătoare pentru susținători, antrenori, familii și toți cei care susțin judo-ul moldovenesc. Atmosfera este competitivă dar prietenoasă, promovând valori precum respectul, disciplina și excelența.
Pe lângă meciuri, vor avea loc și momente de premiere, discursuri oficiale și activități de promovare a sportului în rândul tinerilor. Participarea la această competiție contribuie la formarea clasamentului național, dar mai ales oferă șansa sportivilor de a face parte din lotul național pentru sezonul competițional următor.
Este un pas esențial în cariera oricărui judoka profesionist din Republica Moldova.
', 'Open Chișinău. Evenimentul reunește cei mai buni sportivi din țară. Un prilej important de calificare și afirmare. O oportunitate valoroasă de acumulare a punctelor în clasament.', NULL, 'Participanți din întreaga țară.', '2025-08-15 09:30:00'),

    ('Trofeul Prieteniei', 'Campionatul Național de Judo pentru Seniori este unul dintre cele mai importante evenimente
sportive ale anului, organizat sub egida Federației de Judo din Moldova. Competiția reunește sportivi din întreaga țară, care s-au calificat în urma rezultatelor remarcabile obținute în etapele regionale sau la alte turnee omologate. Scopul principal al evenimentului este identificarea și promovarea celor mai buni judoka, care pot reprezenta Republica Moldova în competițiile internaționale de rang înalt — cum ar fi Campionatele Europene, Mondiale sau Jocurile Olimpice.
Pe parcursul întregii zile, sportivii vor concura în categorii diferite de greutate, atât la masculin cât și la feminin, conform regulamentelor internaționale stabilite de IJF (International Judo Federation).
Meciurile se vor desfășura într-un cadru organizat și profesionist, cu respectarea tuturor normelor de siguranță, arbitraj video, cronometrare digitală și prezența medicilor sportivi.
Evenimentul nu este doar o oportunitate de afirmare pentru sportivi, ci și un moment de sărbătoare pentru susținători, antrenori, familii și toți cei care susțin judo-ul moldovenesc. Atmosfera este competitivă dar prietenoasă, promovând valori precum respectul, disciplina și excelența.
Pe lângă meciuri, vor avea loc și momente de premiere, discursuri oficiale și activități de promovare a sportului în rândul tinerilor. Participarea la această competiție contribuie la formarea clasamentului național, dar mai ales oferă șansa sportivilor de a face parte din lotul național pentru sezonul competițional următor.
Este un pas esențial în cariera oricărui judoka profesionist din Republica Moldova.
', 'Trofeu internațional. Evenimentul reunește cei mai buni sportivi din țară. Un prilej important de calificare și afirmare. O oportunitate valoroasă de acumulare a punctelor în clasament.', NULL, 'Organizat în colaborare cu România și Ucraina.', '2025-09-01 14:00:00'),

    ('Campionatul Republican de Tineret', 'Campionatul Național de Judo pentru Seniori este unul dintre cele mai importante evenimente
sportive ale anului, organizat sub egida Federației de Judo din Moldova. Competiția reunește sportivi din întreaga țară, care s-au calificat în urma rezultatelor remarcabile obținute în etapele regionale sau la alte turnee omologate. Scopul principal al evenimentului este identificarea și promovarea celor mai buni judoka, care pot reprezenta Republica Moldova în competițiile internaționale de rang înalt — cum ar fi Campionatele Europene, Mondiale sau Jocurile Olimpice.
Pe parcursul întregii zile, sportivii vor concura în categorii diferite de greutate, atât la masculin cât și la feminin, conform regulamentelor internaționale stabilite de IJF (International Judo Federation).
Meciurile se vor desfășura într-un cadru organizat și profesionist, cu respectarea tuturor normelor de siguranță, arbitraj video, cronometrare digitală și prezența medicilor sportivi.
Evenimentul nu este doar o oportunitate de afirmare pentru sportivi, ci și un moment de sărbătoare pentru susținători, antrenori, familii și toți cei care susțin judo-ul moldovenesc. Atmosfera este competitivă dar prietenoasă, promovând valori precum respectul, disciplina și excelența.
Pe lângă meciuri, vor avea loc și momente de premiere, discursuri oficiale și activități de promovare a sportului în rândul tinerilor. Participarea la această competiție contribuie la formarea clasamentului național, dar mai ales oferă șansa sportivilor de a face parte din lotul național pentru sezonul competițional următor.
Este un pas esențial în cariera oricărui judoka profesionist din Republica Moldova.
', 'Campionat tineret. Evenimentul reunește cei mai buni sportivi din țară. Un prilej important de calificare și afirmare. O oportunitate valoroasă de acumulare a punctelor în clasament.', NULL, 'Etapă de calificare pentru competițiile internaționale.', '2025-09-10 10:00:00'),

    ('Memorialul Ion Ceobanu', 'Campionatul Național de Judo pentru Seniori este unul dintre cele mai importante evenimente
sportive ale anului, organizat sub egida Federației de Judo din Moldova. Competiția reunește sportivi din întreaga țară, care s-au calificat în urma rezultatelor remarcabile obținute în etapele regionale sau la alte turnee omologate. Scopul principal al evenimentului este identificarea și promovarea celor mai buni judoka, care pot reprezenta Republica Moldova în competițiile internaționale de rang înalt — cum ar fi Campionatele Europene, Mondiale sau Jocurile Olimpice.
Pe parcursul întregii zile, sportivii vor concura în categorii diferite de greutate, atât la masculin cât și la feminin, conform regulamentelor internaționale stabilite de IJF (International Judo Federation).
Meciurile se vor desfășura într-un cadru organizat și profesionist, cu respectarea tuturor normelor de siguranță, arbitraj video, cronometrare digitală și prezența medicilor sportivi.
Evenimentul nu este doar o oportunitate de afirmare pentru sportivi, ci și un moment de sărbătoare pentru susținători, antrenori, familii și toți cei care susțin judo-ul moldovenesc. Atmosfera este competitivă dar prietenoasă, promovând valori precum respectul, disciplina și excelența.
Pe lângă meciuri, vor avea loc și momente de premiere, discursuri oficiale și activități de promovare a sportului în rândul tinerilor. Participarea la această competiție contribuie la formarea clasamentului național, dar mai ales oferă șansa sportivilor de a face parte din lotul național pentru sezonul competițional următor.
Este un pas esențial în cariera oricărui judoka profesionist din Republica Moldova.
', 'Memorial Ion Ceobanu. Evenimentul reunește cei mai buni sportivi din țară. Un prilej important de calificare și afirmare. O oportunitate valoroasă de acumulare a punctelor în clasament.', NULL, 'Organizat anual în Chișinău.', '2025-09-25 13:00:00');


-- RESULT:

INSERT INTO judo_moldova.result (result_id, title, year, age) VALUES
(1, 'Naționale 2025 - U18 (fete)', '2025', 18),
(2, 'Naționale 2025 - U18 (băieți)', '2025', 18),
(3, 'Naționale 2025 - U21 (fete)', '2025', 21),
(4, 'Naționale 2025 - U21 (băieți)', '2025', 21);



-- CATEGORY:
INSERT INTO judo_moldova.category (category_id, gender, kilograms) VALUES
(1, 'F', '40kg'),
(2, 'F', '44kg'),
(3, 'F', '48kg'),
(4, 'F', '52kg'),
(5, 'F', '57kg'),
(6, 'F', '63kg'),
(7, 'F', '-70kg'),
(8, 'F', '+70kg'),
(9, 'F', '-78kg'),
(10, 'F', '+78kg'),
(11, 'M', '50kg'),
(12, 'M', '55kg'),
(13, 'M', '60kg'),
(14, 'M', '66kg'),
(15, 'M', '73kg'),
(16, 'M', '81kg'),
(17, 'M', '90kg'),
(18, 'M', '+90kg'),
(19, 'M', '100kg'),
(20, 'M', '+100kg');

-- CATEGORY_RESULT:
INSERT INTO judo_moldova.category_result (category_result_id, category_id, result_id, competitors) VALUES
(1, 1, 1, E'1. Marinela Sirbu\n2. Andreea Popa\n3. Ioana Dinu\n3. Maria Ionescu'),
(2, 2, 1, E'1. Cristina Nistor\n2. Ioana Dinu\n3. Raluca Stan\n3. Maria Ionescu'),
(3, 3, 1, E'1. Andreea Popa\n2. Cristina Nistor\n3. Mihai Balan\n3. Ioana Dinu'),
(4, 4, 1, E'1. Maria Ionescu\n2. Gabriel Munteanu\n3. Victor Rusu\n3. Stefan Luca'),
(5, 5, 1, E'1. Marinela Sirbu\n2. Mihai Balan\n3. Raluca Stan\n3. Tudor Ilie'),
(6, 6, 1, E'1. Cristina Nistor\n2. Ioana Dinu\n3. Gabriel Munteanu\n3. Andreea Popa'),
(7, 7, 1, E'1. Raluca Stan\n2. Maria Ionescu\n3. Cristina Nistor\n3. Ioana Dinu'),
(8, 8, 1, E'1. Andreea Popa\n2. Maria Ionescu\n3. Cristina Nistor\n3. Ioana Dinu'),
(9, 9, 1, E'1. Marinela Sirbu\n2. Raluca Stan\n3. Andreea Popa\n3. Maria Ionescu'),
(10, 10, 1, E'1. Ioana Dinu\n2. Cristina Nistor\n3. Raluca Stan\n3. Marinela Sirbu'),
(11, 11, 2, E'1. Victor Rusu\n2. Mihai Balan\n3. Ionel Petrea\n3. Stefan Luca'),
(12, 12, 2, E'1. Gabriel Munteanu\n2. Tudor Ilie\n3. Victor Rusu\n3. Mihai Balan'),
(13, 13, 2, E'1. Ionel Petrea\n2. Stefan Luca\n3. Tudor Ilie\n3. Gabriel Munteanu'),
(14, 14, 2, E'1. Mihai Balan\n2. Victor Rusu\n3. Ionel Petrea\n3. Tudor Ilie'),
(15, 15, 2, E'1. Gabriel Munteanu\n2. Mihai Balan\n3. Victor Rusu\n3. Stefan Luca'),
(16, 16, 2, E'1. Ionel Petrea\n2. Tudor Ilie\n3. Gabriel Munteanu\n3. Victor Rusu'),
(17, 17, 2, E'1. Mihai Balan\n2. Stefan Luca\n3. Ionel Petrea\n3. Tudor Ilie'),
(18, 18, 2, E'1. Gabriel Munteanu\n2. Mihai Balan\n3. Stefan Luca\n3. Victor Rusu'),
(19, 19, 2, E'1. Tudor Ilie\n2. Ionel Petrea\n3. Gabriel Munteanu\n3. Victor Rusu'),
(20, 20, 2, E'1. Mihai Balan\n2. Tudor Ilie\n3. Ionel Petrea\n3. Stefan Luca');


-- LINKS
INSERT INTO judo_moldova.link (url, description)
VALUES
    ('https://www.facebook.com/people/Federa%C8%9Bia-de-Judo-a-Republicii-Moldova/100063266736307/', 'Facebook Federația de Judo'),
    ('https://www.instagram.com/judomoldova/', 'Instagram Judo Moldova');
-- Asociere Facebook (link_id = 1)
INSERT INTO judo_moldova.competition_link (competition_id, link_id)
VALUES
    (1, 1), (2, 1), (3, 1), (4, 1), (5, 1), (6, 1), (7, 1), (8, 1), (9, 1);

-- Asociere Instagram (link_id = 2)
INSERT INTO judo_moldova.competition_link (competition_id, link_id)
VALUES
    (1, 2), (2, 2), (3, 2), (4, 2), (5, 2), (6, 2), (7, 2), (8, 2), (9, 2);
